#any line preceeded with a # is a comment
#the first line must be layout information, either
#layout: mercator (expects x and y to be lat/lon)
#layout: direct (x and y are just pixel coordinates)
layout: direct

#Next line must be whether to use edge routing or not
#edgeRouting: true
edgeRouting: false

#Next line must be whether to use layout adjustment or not
#adjustNodes: true
adjustNodes: false

#next is source info
#source name, x, y
root, 200, 200,
#destinations go on next lines
#name, x, y, value
node1, 100, 400, 20
node2, 200, 500, 10
node3, 400, 600, 40
node4, 550, 650, 30
node5, 600, 400, 40
